{"id": {"id": 1.0, "age": -0.0005805666308186034, "gender": -0.00028794955894757596, "course": 0.0007351969594256448, "study_hours": 0.00034606015453742336, "class_attendance": 0.0006765545856066756, "internet_access": 0.001328053329744967, "sleep_hours": 0.0014163163435957295, "sleep_quality": -0.0017298913285445697, "study_method": 0.0014573514987563012, "facility_rating": -0.0005220640920117022, "exam_difficulty": 0.000636733700745053, "exam_score": 0.0003721185291564167}, "age": {"id": -0.0005805666308186034, "age": 1.0, "gender": -0.0045843965599710775, "course": -0.002196282127435685, "study_hours": 0.007544810870864857, "class_attendance": 0.0056282547436464145, "internet_access": -0.0014525502628645055, "sleep_hours": 0.005864351882166949, "sleep_quality": -0.004371566091613764, "study_method": -0.009125369676056342, "facility_rating": -0.00549822829706362, "exam_difficulty": 0.009227424328459707, "exam_score": 0.010472411297483447}, "gender": {"id": -0.00028794955894757596, "age": -0.0045843965599710775, "gender": 1.0, "course": 0.00726697147092701, "study_hours": 0.008299417029486982, "class_attendance": -0.0032493165290368936, "internet_access": -0.0005531235920410868, "sleep_hours": -0.0069185865332395645, "sleep_quality": 0.00028182236465188794, "study_method": -0.007747461381198305, "facility_rating": -3.2588864340181277e-05, "exam_difficulty": -0.003878044737676734, "exam_score": 0.004748272218181927}, "course": {"id": 0.0007351969594256448, "age": -0.002196282127435685, "gender": 0.00726697147092701, "course": 1.0, "study_hours": -0.0024683457648826852, "class_attendance": -0.0016805939172644423, "internet_access": -0.0032137454403127815, "sleep_hours": 0.00384614096014359, "sleep_quality": 0.008602892427982668, "study_method": -0.011059234991880036, "facility_rating": 0.0029258847506986436, "exam_difficulty": 0.006053732758276483, "exam_score": 0.0038737124457322372}, "study_hours": {"id": 0.00034606015453742336, "age": 0.007544810870864857, "gender": 0.008299417029486982, "course": -0.0024683457648826852, "study_hours": 1.0, "class_attendance": 0.08761715512800305, "internet_access": -0.005347275344377632, "sleep_hours": 0.042491491972319044, "sleep_quality": -0.02533188762542747, "study_method": -0.035818913299642784, "facility_rating": -0.002559018021664153, "exam_difficulty": 0.010778306183926684, "exam_score": 0.7622673295024228}, "class_attendance": {"id": 0.0006765545856066756, "age": 0.0056282547436464145, "gender": -0.0032493165290368936, "course": -0.0016805939172644423, "study_hours": 0.08761715512800305, "class_attendance": 1.0, "internet_access": 0.01610285135901338, "sleep_hours": 0.02926309485082891, "sleep_quality": -0.0007176814936154637, "study_method": -0.017302753236467874, "facility_rating": -0.012854163539043582, "exam_difficulty": 0.00032987610603531735, "exam_score": 0.3609540874687604}, "internet_access": {"id": 0.001328053329744967, "age": -0.0014525502628645055, "gender": -0.0005531235920410868, "course": -0.0032137454403127815, "study_hours": -0.005347275344377632, "class_attendance": 0.01610285135901338, "internet_access": 1.0, "sleep_hours": -0.008600644898882825, "sleep_quality": -0.00519961474422949, "study_method": 0.00593556447878023, "facility_rating": 0.0033894866310068446, "exam_difficulty": -0.004004990571607032, "exam_score": 0.00044722019559655243}, "sleep_hours": {"id": 0.0014163163435957295, "age": 0.005864351882166949, "gender": -0.0069185865332395645, "course": 0.00384614096014359, "study_hours": 0.042491491972319044, "class_attendance": 0.02926309485082891, "internet_access": -0.008600644898882825, "sleep_hours": 1.0, "sleep_quality": -0.016287031886579886, "study_method": -0.005383568099471106, "facility_rating": 0.0030484167210950157, "exam_difficulty": 0.0013333000507045228, "exam_score": 0.16740997041768338}, "sleep_quality": {"id": -0.0017298913285445697, "age": -0.004371566091613764, "gender": 0.00028182236465188794, "course": 0.008602892427982668, "study_hours": -0.02533188762542747, "class_attendance": -0.0007176814936154637, "internet_access": -0.00519961474422949, "sleep_hours": -0.016287031886579886, "sleep_quality": 1.0, "study_method": 0.018553317247462706, "facility_rating": -0.0013130909011364173, "exam_difficulty": -0.0064338539874973285, "exam_score": -0.1247492172080393}, "study_method": {"id": 0.0014573514987563012, "age": -0.009125369676056342, "gender": -0.007747461381198305, "course": -0.011059234991880036, "study_hours": -0.035818913299642784, "class_attendance": -0.017302753236467874, "internet_access": 0.00593556447878023, "sleep_hours": -0.005383568099471106, "sleep_quality": 0.018553317247462706, "study_method": 1.0, "facility_rating": -0.001505019963309046, "exam_difficulty": 0.004892376741516366, "exam_score": -0.18343101639503853}, "facility_rating": {"id": -0.0005220640920117022, "age": -0.00549822829706362, "gender": -3.2588864340181277e-05, "course": 0.0029258847506986436, "study_hours": -0.002559018021664153, "class_attendance": -0.012854163539043582, "internet_access": 0.0033894866310068446, "sleep_hours": 0.0030484167210950157, "sleep_quality": -0.0013130909011364173, "study_method": -0.001505019963309046, "facility_rating": 1.0, "exam_difficulty": 0.00853522850915467, "exam_score": -0.07660490159845164}, "exam_difficulty": {"id": 0.000636733700745053, "age": 0.009227424328459707, "gender": -0.003878044737676734, "course": 0.006053732758276483, "study_hours": 0.010778306183926684, "class_attendance": 0.00032987610603531735, "internet_access": -0.004004990571607032, "sleep_hours": 0.0013333000507045228, "sleep_quality": -0.0064338539874973285, "study_method": 0.004892376741516366, "facility_rating": 0.00853522850915467, "exam_difficulty": 1.0, "exam_score": 0.008337370857890391}, "exam_score": {"id": 0.0003721185291564167, "age": 0.010472411297483447, "gender": 0.004748272218181927, "course": 0.0038737124457322372, "study_hours": 0.7622673295024228, "class_attendance": 0.3609540874687604, "internet_access": 0.00044722019559655243, "sleep_hours": 0.16740997041768338, "sleep_quality": -0.1247492172080393, "study_method": -0.18343101639503853, "facility_rating": -0.07660490159845164, "exam_difficulty": 0.008337370857890391, "exam_score": 1.0}}