num_features,logloss
2,0.4723870490261505
3,0.48740381834300495
4,0.4483163354841218
5,0.44420943569035826
6,0.4506194469786456
7,0.45152151784640643
8,0.45152151784640643
9,0.45152151784640643
10,0.45152151784640643
